{
  "low_risk": {
    "times": [
      75.0,
      143.0,
      419.0,
      431.0,
      653.0,
      1239.0,
      1709.0,
      2674.0,
      3462.0
    ],
    "events": [
      1,
      1,
      1,
      1,
      1,
      1,
      1,
      1,
      1
    ],
    "survival": [
      0.984848,
      0.969697,
      0.952381,
      0.934744,
      0.911376,
      0.869949,
      0.811953,
      0.69596,
      0.463973
    ],
    "n": 69,
    "event_count": 9
  },
  "mid_risk": {
    "times": [
      192.0,
      362.0,
      382.0,
      1034.0,
      1304.0,
      1609.0,
      1688.0,
      2273.0
    ],
    "events": [
      1,
      1,
      1,
      1,
      1,
      1,
      1,
      1
    ],
    "survival": [
      0.984615,
      0.967927,
      0.950946,
      0.919248,
      0.87928,
      0.830431,
      0.781583,
      0.683885
    ],
    "n": 69,
    "event_count": 8
  },
  "high_risk": {
    "times": [
      155.0,
      302.0,
      365.0,
      447.0,
      524.0,
      544.0,
      1303.0,
      1364.0,
      2011.0,
      2717.0
    ],
    "events": [
      1,
      1,
      1,
      1,
      1,
      1,
      1,
      1,
      1,
      1
    ],
    "survival": [
      0.984127,
      0.966862,
      0.948619,
      0.929259,
      0.90814,
      0.88702,
      0.842669,
      0.798318,
      0.741296,
      0.617746
    ],
    "n": 70,
    "event_count": 10
  },
  "log_rank_p": 0.8383181774607956
}