{
  "low_risk": {
    "times": [
      90.0,
      102.0,
      143.0,
      255.0,
      268.0,
      361.0,
      366.0,
      396.0,
      434.0,
      536.0,
      563.0,
      588.0,
      612.0,
      653.0,
      716.0,
      729.0,
      746.0,
      756.0,
      762.0,
      766.0,
      780.0,
      791.0,
      802.0,
      921.0,
      967.0,
      968.0,
      1239.0,
      1313.0,
      1412.0,
      1614.0,
      1619.0,
      1922.0,
      2041.0,
      2557.0,
      2561.0,
      2674.0,
      3014.0,
      3669.0,
      3862.0,
      4203.0
    ],
    "events": [
      1,
      1,
      1,
      1,
      1,
      1,
      1,
      1,
      1,
      1,
      1,
      1,
      1,
      1,
      1,
      1,
      1,
      1,
      1,
      1,
      1,
      1,
      1,
      1,
      1,
      1,
      1,
      1,
      1,
      1,
      1,
      1,
      1,
      1,
      1,
      1,
      1,
      1,
      1,
      1
    ],
    "survival": [
      0.996979,
      0.993949,
      0.990918,
      0.987831,
      0.984715,
      0.981433,
      0.978139,
      0.974719,
      0.971149,
      0.967136,
      0.962949,
      0.95865,
      0.954191,
      0.94942,
      0.944423,
      0.9394,
      0.934349,
      0.929159,
      0.923939,
      0.918659,
      0.913349,
      0.908007,
      0.902603,
      0.89689,
      0.891066,
      0.885242,
      0.877926,
      0.870225,
      0.862015,
      0.852746,
      0.843477,
      0.831923,
      0.819866,
      0.802422,
      0.78459,
      0.763943,
      0.734561,
      0.629624,
      0.503699,
      0.335799
    ],
    "n": 347,
    "event_count": 40
  },
  "mid_risk": {
    "times": [
      21.0,
      75.0,
      174.0,
      181.0,
      192.0,
      243.0,
      267.0,
      275.0,
      291.0,
      301.0,
      302.0,
      362.0,
      365.0,
      382.0,
      385.0,
      419.0,
      431.0,
      544.0,
      556.0,
      574.0,
      586.0,
      682.0,
      785.0,
      795.0,
      1034.0,
      1304.0,
      1343.0,
      1353.0,
      1364.0,
      1470.0,
      1508.0,
      1609.0,
      1642.0,
      1688.0,
      1709.0,
      1810.0,
      2011.0,
      2165.0,
      2273.0,
      2717.0,
      2787.0,
      3462.0,
      4456.0
    ],
    "events": [
      1,
      1,
      1,
      1,
      1,
      1,
      1,
      1,
      1,
      1,
      1,
      1,
      1,
      1,
      1,
      1,
      1,
      1,
      1,
      1,
      1,
      1,
      1,
      1,
      1,
      1,
      1,
      1,
      1,
      1,
      1,
      1,
      1,
      1,
      1,
      1,
      1,
      1,
      1,
      1,
      1,
      1,
      1
    ],
    "survival": [
      0.997024,
      0.993993,
      0.990887,
      0.987781,
      0.984665,
      0.981468,
      0.97825,
      0.975021,
      0.971771,
      0.968521,
      0.965271,
      0.961908,
      0.958533,
      0.955109,
      0.951686,
      0.948148,
      0.944543,
      0.940574,
      0.936555,
      0.932518,
      0.928428,
      0.923986,
      0.919018,
      0.913969,
      0.907875,
      0.900494,
      0.892863,
      0.885166,
      0.877333,
      0.868977,
      0.86054,
      0.851386,
      0.84203,
      0.832569,
      0.822999,
      0.812962,
      0.801671,
      0.789145,
      0.775053,
      0.750833,
      0.725805,
      0.665321,
      0.554435
    ],
    "n": 348,
    "event_count": 43
  },
  "high_risk": {
    "times": [
      54.0,
      116.0,
      136.0,
      155.0,
      174.0,
      188.0,
      195.0,
      224.0,
      237.0,
      258.0,
      305.0,
      348.0,
      377.0,
      443.0,
      447.0,
      489.0,
      490.0,
      524.0,
      559.0,
      597.0,
      654.0,
      681.0,
      739.0,
      790.0,
      792.0,
      825.0,
      834.0,
      859.0,
      971.0,
      1014.0,
      1034.0,
      1066.0,
      1094.0,
      1100.0,
      1104.0,
      1120.0,
      1123.0,
      1127.0,
      1136.0,
      1174.0,
      1210.0,
      1290.0,
      1303.0,
      1414.0,
      1543.0,
      1640.0,
      1645.0,
      1673.0,
      1694.0,
      2192.0,
      2989.0,
      3076.0,
      4224.0,
      5117.0
    ],
    "events": [
      1,
      1,
      1,
      1,
      1,
      1,
      1,
      1,
      1,
      1,
      1,
      1,
      1,
      1,
      1,
      1,
      1,
      1,
      1,
      1,
      1,
      1,
      1,
      1,
      1,
      1,
      1,
      1,
      1,
      1,
      1,
      1,
      1,
      1,
      1,
      1,
      1,
      1,
      1,
      1,
      1,
      1,
      1,
      1,
      1,
      1,
      1,
      1,
      1,
      1,
      1,
      1,
      1,
      1
    ],
    "survival": [
      0.996933,
      0.993836,
      0.990731,
      0.987615,
      0.98447,
      0.981315,
      0.978159,
      0.974973,
      0.971776,
      0.968569,
      0.965286,
      0.961911,
      0.958387,
      0.954507,
      0.950627,
      0.94665,
      0.942655,
      0.938466,
      0.934121,
      0.92945,
      0.924533,
      0.919425,
      0.913984,
      0.908411,
      0.902838,
      0.89716,
      0.891446,
      0.885731,
      0.879706,
      0.873091,
      0.866375,
      0.859499,
      0.852568,
      0.845636,
      0.838705,
      0.831716,
      0.824727,
      0.817737,
      0.810688,
      0.802967,
      0.794856,
      0.786025,
      0.777193,
      0.76826,
      0.758016,
      0.746702,
      0.735215,
      0.723727,
      0.712054,
      0.696231,
      0.669452,
      0.639023,
      0.559145,
      0.372763
    ],
    "n": 348,
    "event_count": 54
  },
  "log_rank_p": 0.041238994697945244
}